,Unnamed: 0,store_id,store_name,score,area,review_count,daytime_price,daytime_price_low,daytime_price_high,nighttime_price,nighttime_price_low,nighttime_price_high,photo_count,like_count,bookmark_count
0,0,1,シュラスコ&シカゴピザ食べ放題 個室肉バル Mission 新宿西口店,3.04,東京都内,86,～￥999,1.0,999.0,"￥2,000～￥2,999",2000,2999,107,24,6
1,1,2,Mon an 新丸ビル,3.44,東京都内,111,"￥2,000～￥2,999",2000.0,2999.0,"￥8,000～￥9,999",8000,9999,91,9,16
2,2,3,神田まぐろ漁港,3.33,東京都内,183,～￥999,1.0,999.0,"￥2,000～￥2,999",2000,2999,220,5,7
3,3,4,鮨利﨑 青山,3.61,東京都内,311,-,,,"￥15,000～￥19,999",15000,19999,294,3,24
4,4,5,ジビエ×ビストロ Lave,3.28,東京都内,89,-,,,"￥6,000～￥7,999",6000,7999,141,0,6
5,5,6,くつろぎ・うま酒 かこいや 丸の内二丁目店,3.21,東京都内,316,"￥1,000～￥1,999",1000.0,1999.0,"￥8,000～￥9,999",8000,9999,100,26,14
6,6,7,日本料理 縁,3.36,東京都内,71,"￥3,000～￥3,999",3000.0,3999.0,"￥6,000～￥7,999",6000,7999,186,29,64
7,7,8,居酒屋 晴れ舞亭 水道橋駅前店,3.25,東京都内,81,"￥1,000～￥1,999",1000.0,1999.0,"￥3,000～￥3,999",3000,3999,235,9,28
8,8,9,焼肉うしごろ 銀座店,3.71,東京都内,654,"￥8,000～￥9,999",8000.0,9999.0,"￥10,000～￥14,999",10000,14999,421,32,37
9,9,10,uogin 新橋店,3.01,東京都内,13,"￥3,000～￥3,999",3000.0,3999.0,"￥4,000～￥4,999",4000,4999,33,9,0
10,10,11,あぶり清水 新宿西口ハルク店,3.16,東京都内,61,"￥1,000～￥1,999",1000.0,1999.0,"￥3,000～￥3,999",3000,3999,119,20,13
11,11,12,田町にセンバネ,3.4,東京都内,211,-,,,"￥5,000～￥5,999",5000,5999,264,8,15
12,12,13,O'denbar うまみ 新橋,3.08,東京都内,12,"￥1,000～￥1,999",1000.0,1999.0,"￥4,000～￥4,999",4000,4999,96,7,40
13,13,14,三と十,3.48,東京都内,163,-,,,"￥10,000～￥14,999",10000,14999,273,0,12
14,14,15,アジアンビストロ ローカル,3.06,東京都内,42,"￥1,000～￥1,999",1000.0,1999.0,"￥3,000～￥3,999",3000,3999,145,11,30
15,15,16,Bistro d'ami,3.37,東京都内,105,-,,,"￥6,000～￥7,999",6000,7999,132,2,6
16,16,17,個室会席 北大路 京橋茶寮 東京駅店,3.27,東京都内,165,"￥3,000～￥3,999",3000.0,3999.0,"￥10,000～￥14,999",10000,14999,179,10,27
17,17,18,すし土風炉 六本木店,3.16,東京都内,46,"￥1,000～￥1,999",1000.0,1999.0,"￥4,000～￥4,999",4000,4999,169,5,24
18,18,19,兜 中目黒 別邸,3.31,東京都内,115,"￥1,000～￥1,999",1000.0,1999.0,"￥5,000～￥5,999",5000,5999,89,0,1
19,19,20,個室居酒屋 茨城の恵み 水戸屋 品川店,3.12,東京都内,72,"￥3,000～￥3,999",3000.0,3999.0,"￥3,000～￥3,999",3000,3999,245,12,39
20,20,21,肉懐石 凜然,3.58,東京都内,296,"￥8,000～￥9,999",8000.0,9999.0,"￥15,000～￥19,999",15000,19999,572,57,115
21,21,22,安老爺炭火蛙鍋 上野店,3.12,東京都内,38,"￥2,000～￥2,999",2000.0,2999.0,"￥2,000～￥2,999",2000,2999,110,24,35
22,22,23,酒場Tokyo,3.16,東京都内,24,～￥999,1.0,999.0,"￥3,000～￥3,999",3000,3999,126,47,13
23,23,24,GREEN HOUSE by MERCER BRUNCH 二子玉川,3.48,東京都内,459,"￥1,000～￥1,999",1000.0,1999.0,"￥3,000～￥3,999",3000,3999,105,9,21
24,24,25,鶏とセイロ蒸 キンクラ 十条店,3.12,東京都内,23,-,,,"￥3,000～￥3,999",3000,3999,133,15,13
25,25,26,Strada,3.24,東京都内,38,"￥1,000～￥1,999",1000.0,1999.0,"￥4,000～￥4,999",4000,4999,157,155,90
26,26,27,魚と日本酒 魚バカ一代 新橋本店,3.4,東京都内,229,-,,,"￥4,000～￥4,999",4000,4999,87,3,11
27,27,28,藁焼き・日本酒 わらやき道場 有楽町,3.02,東京都内,120,-,,,"￥3,000～￥3,999",3000,3999,311,12,9
28,28,29,麻辣大学 上野本店,3.49,東京都内,473,"￥1,000～￥1,999",1000.0,1999.0,"￥3,000～￥3,999",3000,3999,121,4,4
29,29,30,個室居酒屋 酔月 新宿店,3.09,東京都内,55,"￥1,000～￥1,999",1000.0,1999.0,"￥2,000～￥2,999",2000,2999,117,58,8
30,30,31,手作り居酒屋 たぬき,3.08,東京都内,32,～￥999,1.0,999.0,"￥3,000～￥3,999",3000,3999,138,122,31
31,31,32,個室会席 北大路 八重洲茶寮,3.25,東京都内,157,"￥3,000～￥3,999",3000.0,3999.0,"￥10,000～￥14,999",10000,14999,158,20,28
32,32,33,焼鶏あきら 中目黒本店,3.48,東京都内,570,-,,,"￥5,000～￥5,999",5000,5999,128,5,12
33,33,34,焼肉会席 舌牛 銀座店,3.46,東京都内,219,"￥3,000～￥3,999",3000.0,3999.0,"￥8,000～￥9,999",8000,9999,183,0,6
34,34,35,凛音,3.26,東京都内,135,～￥999,1.0,999.0,"￥3,000～￥3,999",3000,3999,88,21,11
35,35,36,ふくよし 新宿本店,3.0,東京都内,9,"￥2,000～￥2,999",2000.0,2999.0,"￥2,000～￥2,999",2000,2999,1,18,1
36,36,37,飯田橋 喝采,3.46,東京都内,219,-,,,"￥8,000～￥9,999",8000,9999,201,6,45
37,37,38,新橋三丁目魚市場,3.3,東京都内,37,"￥1,000～￥1,999",1000.0,1999.0,"￥5,000～￥5,999",5000,5999,126,38,5
38,38,39,築地かに祭り,3.4,東京都内,160,"￥2,000～￥2,999",2000.0,2999.0,"￥5,000～￥5,999",5000,5999,113,22,116
39,39,40,六本木 かき心,3.36,東京都内,128,-,,,"￥10,000～￥14,999",10000,14999,207,2,11
40,40,41,鉄板串 燻製 MOKU 大森店,3.39,東京都内,129,～￥999,1.0,999.0,"￥4,000～￥4,999",4000,4999,120,20,30
41,41,42,和牛船 日乃丸,3.32,東京都内,41,"￥1,000～￥1,999",1000.0,1999.0,"￥6,000～￥7,999",6000,7999,133,18,41
42,42,43,中落ち100円の居酒屋 まぐろんち 高田馬場駅前店,3.39,東京都内,211,～￥999,1.0,999.0,"￥2,000～￥2,999",2000,2999,48,12,21
43,43,44,過門香 銀座本店,3.48,東京都内,802,"￥3,000～￥3,999",3000.0,3999.0,"￥6,000～￥7,999",6000,7999,183,4,16
44,44,45,すし土風炉 銀座一丁目店,3.09,東京都内,234,～￥999,1.0,999.0,"￥4,000～￥4,999",4000,4999,66,38,5
45,45,46,和食日和 おさけと 京橋,3.06,東京都内,17,"￥1,000～￥1,999",1000.0,1999.0,"￥8,000～￥9,999",8000,9999,109,42,22
46,46,47,日本橋 鳥久,3.48,東京都内,387,～￥999,1.0,999.0,"￥5,000～￥5,999",5000,5999,237,22,16
47,47,48,俺のイタリアン 東京,3.45,東京都内,1209,"￥2,000～￥2,999",2000.0,2999.0,"￥4,000～￥4,999",4000,4999,166,2,4
48,48,49,炭火ビストロ ゴーバル 中野店,3.45,東京都内,338,-,,,"￥3,000～￥3,999",3000,3999,162,2,5
49,49,50,酒場 心 新宿本店,3.06,東京都内,35,"￥2,000～￥2,999",2000.0,2999.0,"￥3,000～￥3,999",3000,3999,55,20,15
50,50,51,江南府,3.01,東京都内,17,"￥1,000～￥1,999",1000.0,1999.0,"￥8,000～￥9,999",8000,9999,368,16,71
51,51,52,南青山とりや幸,3.44,東京都内,118,-,,,"￥10,000～￥14,999",10000,14999,280,47,13
52,52,53,NO.1 焼肉しゃぶしゃぶ 食べ放題 歌舞伎町店,3.06,東京都内,69,～￥999,1.0,999.0,"￥2,000～￥2,999",2000,2999,109,17,15
53,53,54,タント タント ザ・ガーデンズ五反田店,3.35,東京都内,175,"￥1,000～￥1,999",1000.0,1999.0,"￥4,000～￥4,999",4000,4999,196,6,21
54,54,55,いろは 本店,3.48,東京都内,435,"￥2,000～￥2,999",2000.0,2999.0,"￥4,000～￥4,999",4000,4999,111,1,3
55,55,56,なゝ樹 中目黒店,3.28,東京都内,170,"￥1,000～￥1,999",1000.0,1999.0,"￥3,000～￥3,999",3000,3999,114,18,49
56,56,57,餃子 小籠包 福包酒場 新宿店,3.08,東京都内,48,-,,,"￥2,000～￥2,999",2000,2999,220,26,59
57,57,58,東京コトブキ 東京駅店,3.49,東京都内,533,"￥1,000～￥1,999",1000.0,1999.0,"￥4,000～￥4,999",4000,4999,97,18,40
58,58,59,なゝ樹 本店,3.46,東京都内,595,-,,,"￥5,000～￥5,999",5000,5999,116,3,11
59,59,60,天厨菜館 銀座店,3.47,東京都内,210,"￥2,000～￥2,999",2000.0,2999.0,"￥8,000～￥9,999",8000,9999,211,11,16
60,60,61,うすけぼー 昭和通日本橋店,3.25,東京都内,75,～￥999,1.0,999.0,"￥5,000～￥5,999",5000,5999,101,12,6
61,61,62,ハース,3.49,東京都内,972,"￥1,000～￥1,999",1000.0,1999.0,"￥5,000～￥5,999",5000,5999,115,9,34
62,62,63,MATOI-YA 表参道店,3.23,東京都内,102,"￥1,000～￥1,999",1000.0,1999.0,"￥3,000～￥3,999",3000,3999,78,5,49
63,63,64,匠ダイニング 町田北口店,3.08,東京都内,47,～￥999,1.0,999.0,"￥2,000～￥2,999",2000,2999,200,110,31
64,64,65,ボンサイ,3.12,東京都内,34,"￥1,000～￥1,999",1000.0,1999.0,"￥2,000～￥2,999",2000,2999,163,15,37
65,65,66,炭火焼き酒場 まるや 新橋店,3.02,東京都内,10,"￥1,000～￥1,999",1000.0,1999.0,"￥2,000～￥2,999",2000,2999,64,34,6
66,66,67,ビストロRoot,3.05,東京都内,12,-,,,"￥5,000～￥5,999",5000,5999,118,15,27
67,67,68,産地直送 五丁目酒場,3.02,東京都内,26,-,,,"￥3,000～￥3,999",3000,3999,49,91,5
68,68,69,福丸,3.0,東京都内,15,"￥3,000～￥3,999",3000.0,3999.0,"￥3,000～￥3,999",3000,3999,17,35,0
69,69,70,とりしん,3.42,東京都内,190,～￥999,1.0,999.0,"￥3,000～￥3,999",3000,3999,116,17,44
70,70,71,石庫門 高田馬場店,3.39,東京都内,359,～￥999,1.0,999.0,"￥3,000～￥3,999",3000,3999,95,35,19
71,71,72,赤坂 転石亭 HANARE,3.47,東京都内,235,"￥1,000～￥1,999",1000.0,1999.0,"￥6,000～￥7,999",6000,7999,163,63,42
72,72,73,新宿 鮨 よこ田,3.4,東京都内,320,"￥5,000～￥5,999",5000.0,5999.0,"￥8,000～￥9,999",8000,9999,323,11,28
73,73,74,Che Voglia!  三越前コレド室町1,3.48,東京都内,483,"￥2,000～￥2,999",2000.0,2999.0,"￥4,000～￥4,999",4000,4999,131,1,17
74,74,75,旨いマグロと海鮮居酒屋 漁火 新橋店,3.23,東京都内,49,"￥1,000～￥1,999",1000.0,1999.0,"￥3,000～￥3,999",3000,3999,189,15,26
75,75,76,杏梨　チャイニーズキッチン 品川インターシティ店,3.44,東京都内,162,"￥1,000～￥1,999",1000.0,1999.0,"￥4,000～￥4,999",4000,4999,92,5,16
76,76,77,炭火焼ホルモン ぐう 新宿,3.57,東京都内,338,-,,,"￥4,000～￥4,999",4000,4999,235,5,15
77,77,78,肉割烹 肉かぶく,3.55,東京都内,308,-,,,"￥10,000～￥14,999",10000,14999,360,30,54
78,78,79,銀座 山科,3.69,東京都内,1014,"￥6,000～￥7,999",6000.0,7999.0,"￥10,000～￥14,999",10000,14999,297,5,11
79,79,80,ペスケリア・ラ・ルーナ・ロッサ,3.45,東京都内,187,"￥1,000～￥1,999",1000.0,1999.0,"￥8,000～￥9,999",8000,9999,153,70,26
80,80,81,BOMBAY SIZZLERS,3.47,東京都内,160,"￥1,000～￥1,999",1000.0,1999.0,"￥3,000～￥3,999",3000,3999,111,10,12
81,81,82,カフェ&グリル シズルガズル 渋谷ヒカリエ店,3.24,東京都内,302,"￥1,000～￥1,999",1000.0,1999.0,"￥3,000～￥3,999",3000,3999,77,1,6
82,82,83,鳥楽酒場 新宿店,3.02,東京都内,8,-,,,"￥2,000～￥2,999",2000,2999,43,8,2
83,83,84,くつろぎ・うま酒 かこいや 丸の内オアゾ店,3.14,東京都内,214,"￥1,000～￥1,999",1000.0,1999.0,"￥8,000～￥9,999",8000,9999,87,2,3
84,84,85,岩桧葉,3.27,東京都内,37,-,,,"￥15,000～￥19,999",15000,19999,454,32,45
85,85,86,鮨 麻葉,3.51,東京都内,58,-,,,"￥30,000～￥39,999",30000,39999,316,12,60
86,86,87,ブラチェリア バーヴァ,3.42,東京都内,178,"￥1,000～￥1,999",1000.0,1999.0,"￥5,000～￥5,999",5000,5999,105,7,9
87,87,88,Anchor Point,3.48,東京都内,351,"￥1,000～￥1,999",1000.0,1999.0,"￥6,000～￥7,999",6000,7999,117,7,18
88,88,89,たくあん・牡丹亭,3.43,東京都内,209,"￥1,000～￥1,999",1000.0,1999.0,"￥6,000～￥7,999",6000,7999,149,43,86
89,89,90,居酒屋餃子酒場,3.14,東京都内,43,～￥999,1.0,999.0,"￥3,000～￥3,999",3000,3999,136,55,11
90,90,91,魚魯魚魯 東陽町店,3.38,東京都内,138,～￥999,1.0,999.0,"￥4,000～￥4,999",4000,4999,118,34,17
91,91,92,丈,3.2,東京都内,12,-,,,"￥15,000～￥19,999",15000,19999,304,21,43
92,92,93,お好み焼・鉄板焼 88 パチパチ 有楽町本店,3.48,東京都内,533,"￥2,000～￥2,999",2000.0,2999.0,"￥6,000～￥7,999",6000,7999,138,11,20
93,93,94,Yd'or,3.08,東京都内,12,-,,,"￥20,000～￥29,999",20000,29999,375,9,25
94,94,95,炭火焼き鳥 完全個室居酒屋 はなび 上野店,3.01,東京都内,114,"￥2,000～￥2,999",2000.0,2999.0,"￥3,000～￥3,999",3000,3999,222,9,7
95,95,96,近江牛もりしま 寛閑観ここ滋賀店,3.38,東京都内,51,"￥2,000～￥2,999",2000.0,2999.0,"￥6,000～￥7,999",6000,7999,274,4,17
96,96,97,真八酒場,3.06,東京都内,8,～￥999,1.0,999.0,"￥3,000～￥3,999",3000,3999,63,6,7
97,97,98,地鶏焼き鳥と築地海鮮 和み屋 新橋本店,3.08,東京都内,54,"￥2,000～￥2,999",2000.0,2999.0,"￥4,000～￥4,999",4000,4999,226,22,39
98,98,99,TARO Azabujuban,3.25,東京都内,27,-,,,"￥10,000～￥14,999",10000,14999,296,8,30
99,99,100,九州個室居酒屋 博多道場 上野御徒町店,3.03,東京都内,73,"￥3,000～￥3,999",3000.0,3999.0,"￥3,000～￥3,999",3000,3999,88,39,1
100,100,101,加藤牛肉店 小川のうに,3.32,東京都内,54,"￥2,000～￥2,999",2000.0,2999.0,"￥20,000～￥29,999",20000,29999,248,5,13
101,101,102,鳥佳 溜池山王店,3.18,東京都内,58,～￥999,1.0,999.0,"￥3,000～￥3,999",3000,3999,89,166,31
102,102,103,UZU 本店,3.31,東京都内,84,-,,,"￥4,000～￥4,999",4000,4999,127,13,18
103,103,104,虎連坊 大手町店,3.33,東京都内,151,"￥1,000～￥1,999",1000.0,1999.0,"￥5,000～￥5,999",5000,5999,70,20,17
104,104,105,The Kitchen Salvatore Cuomo GINZA,3.48,東京都内,436,"￥3,000～￥3,999",3000.0,3999.0,"￥6,000～￥7,999",6000,7999,108,1,8
105,105,106,焼肉 うし雅,3.4,東京都内,130,"￥1,000～￥1,999",1000.0,1999.0,"￥6,000～￥7,999",6000,7999,148,12,26
106,106,107,natuRe tokyo,3.42,東京都内,149,"￥4,000～￥4,999",4000.0,4999.0,"￥8,000～￥9,999",8000,9999,205,3,15
107,107,108,リオ・ブルーイング・コー ビストロアンドガーデン 東京ミッドタウン,3.47,東京都内,560,"￥1,000～￥1,999",1000.0,1999.0,"￥5,000～￥5,999",5000,5999,123,24,32
108,108,109,一楽,3.02,東京都内,47,"￥2,000～￥2,999",2000.0,2999.0,"￥3,000～￥3,999",3000,3999,61,42,34
109,109,110,メデューサ,3.44,東京都内,550,-,,,"￥5,000～￥5,999",5000,5999,90,11,55
110,110,111,幻の和牛と豊洲目利き鮮魚 モルゲン 池袋西口店,3.38,東京都内,201,-,,,"￥5,000～￥5,999",5000,5999,227,29,55
111,111,112,やきとり 虜 西新宿店,3.02,東京都内,113,"￥1,000～￥1,999",1000.0,1999.0,"￥2,000～￥2,999",2000,2999,243,12,36
112,112,113,遊山 新宿店,3.02,東京都内,69,"￥4,000～￥4,999",4000.0,4999.0,"￥4,000～￥4,999",4000,4999,114,48,10
113,113,114,恵比寿 逆月,3.36,東京都内,79,"￥1,000～￥1,999",1000.0,1999.0,"￥6,000～￥7,999",6000,7999,118,3,12
114,114,115,ristorante della collina,3.55,東京都内,626,"￥3,000～￥3,999",3000.0,3999.0,"￥8,000～￥9,999",8000,9999,143,9,10
115,115,116,京都焼肉 tendan+ GEMS大門店,3.38,東京都内,108,"￥1,000～￥1,999",1000.0,1999.0,"￥6,000～￥7,999",6000,7999,145,2,23
116,116,117,ビストロ エガリテ,3.4,東京都内,93,"￥2,000～￥2,999",2000.0,2999.0,"￥6,000～￥7,999",6000,7999,214,4,107
117,117,118,炭火焼鳥 一番鳥,3.02,東京都内,49,"￥2,000～￥2,999",2000.0,2999.0,"￥3,000～￥3,999",3000,3999,50,95,3
118,118,119,ESOLA  新宿店,3.14,東京都内,191,"￥2,000～￥2,999",2000.0,2999.0,"￥3,000～￥3,999",3000,3999,156,7,4
119,119,120,鮨 龍馬,3.36,東京都内,107,"￥20,000～￥29,999",20000.0,29999.0,"￥20,000～￥29,999",20000,29999,557,51,102
120,120,121,よりどり 新橋本店,3.01,東京都内,7,-,,,"￥3,000～￥3,999",3000,3999,11,6,3
121,121,122,Bar Espanol LA BODEGA 銀座店,3.43,東京都内,379,"￥1,000～￥1,999",1000.0,1999.0,"￥4,000～￥4,999",4000,4999,122,5,24
122,122,123,銀座すし嘉 はなれ,3.33,東京都内,87,"￥10,000～￥14,999",10000.0,14999.0,"￥20,000～￥29,999",20000,29999,425,46,82
123,123,124,有楽町かきだ,3.43,東京都内,375,"￥10,000～￥14,999",10000.0,14999.0,"￥10,000～￥14,999",10000,14999,236,3,31
124,124,125,百味軒,3.16,東京都内,25,～￥999,1.0,999.0,"￥2,000～￥2,999",2000,2999,138,53,16
125,125,126,麹蔵 有楽町晴海通り本店,3.4,東京都内,385,"￥1,000～￥1,999",1000.0,1999.0,"￥4,000～￥4,999",4000,4999,81,16,8
126,126,127,四十八漁場 山王パークタワー店,3.09,東京都内,96,"￥1,000～￥1,999",1000.0,1999.0,"￥4,000～￥4,999",4000,4999,117,22,7
127,127,128,かんどころ,3.25,東京都内,120,-,,,"￥4,000～￥4,999",4000,4999,131,5,6
128,128,129,SHARI赤坂 / 鉄板焼みたき赤坂,3.21,東京都内,34,-,,,"￥10,000～￥14,999",10000,14999,215,4,11
129,129,130,ahill ginza,3.56,東京都内,652,"￥4,000～￥4,999",4000.0,4999.0,"￥10,000～￥14,999",10000,14999,195,5,4
130,130,131,個室居酒屋 雪の村 新橋店,3.01,東京都内,9,"￥4,000～￥4,999",4000.0,4999.0,"￥4,000～￥4,999",4000,4999,24,14,1
131,131,132,シュマッツ 日比谷グルメゾン,3.39,東京都内,77,～￥999,1.0,999.0,"￥3,000～￥3,999",3000,3999,137,6,8
132,132,133,えびと馬肉と日本酒の居酒屋 池袋栄町横町店,3.18,東京都内,83,-,,,"￥4,000～￥4,999",4000,4999,163,8,7
133,133,134,旬の鮮魚と個室 楽の宴,3.05,東京都内,51,～￥999,1.0,999.0,"￥3,000～￥3,999",3000,3999,97,107,37
134,134,135,うしごろ 貫 五反田店,3.55,東京都内,502,-,,,"￥6,000～￥7,999",6000,7999,123,3,11
135,135,136,個室会席 北大路 新橋茶寮 汐留シティセンター店,3.18,東京都内,117,"￥3,000～￥3,999",3000.0,3999.0,"￥10,000～￥14,999",10000,14999,160,6,6
136,136,137,神戸牛 日本橋イタダキ,3.6,東京都内,329,-,,,"￥8,000～￥9,999",8000,9999,260,15,9
137,137,138,翠雲 上野店,3.53,東京都内,277,"￥3,000～￥3,999",3000.0,3999.0,"￥3,000～￥3,999",3000,3999,123,5,14
138,138,139,和食 いぶり別邸 新橋店,3.33,東京都内,205,-,,,"￥6,000～￥7,999",6000,7999,196,12,24
139,139,140,大衆居酒屋 恵比寿商店,3.08,東京都内,12,-,,,"￥3,000～￥3,999",3000,3999,108,50,19
140,140,141,マロリーポークステーキ 六本木店,3.09,東京都内,55,"￥1,000～￥1,999",1000.0,1999.0,"￥2,000～￥2,999",2000,2999,85,8,27
141,141,142,越後酒房八海山 神楽坂店,3.13,東京都内,189,-,,,"￥3,000～￥3,999",3000,3999,451,40,78
142,142,143,恵比寿もんじゃ 梵天 恵比寿本店,3.01,東京都内,6,"￥5,000～￥5,999",5000.0,5999.0,"￥5,000～￥5,999",5000,5999,22,14,1
143,143,144,チョンギワ新館,3.47,東京都内,346,"￥3,000～￥3,999",3000.0,3999.0,"￥8,000～￥9,999",8000,9999,216,4,11
144,144,145,La Brianza,3.77,東京都内,1933,"￥4,000～￥4,999",4000.0,4999.0,"￥10,000～￥14,999",10000,14999,248,32,87
145,145,146,雲々堂 有楽町店,3.01,東京都内,15,"￥1,000～￥1,999",1000.0,1999.0,"￥3,000～￥3,999",3000,3999,29,51,2
146,146,147,四十八漁場 内幸町店,3.08,東京都内,84,～￥999,1.0,999.0,"￥4,000～￥4,999",4000,4999,57,0,0
147,147,148,暁タップス 銀座,3.33,東京都内,107,"￥1,000～￥1,999",1000.0,1999.0,"￥4,000～￥4,999",4000,4999,154,9,31
148,148,149,二升五合,3.02,東京都内,18,"￥3,000～￥3,999",3000.0,3999.0,"￥4,000～￥4,999",4000,4999,109,57,55
149,149,150,和風個室居酒屋 灯 有楽町日比谷店,3.12,東京都内,65,"￥3,000～￥3,999",3000.0,3999.0,"￥4,000～￥4,999",4000,4999,187,9,25
150,150,151,新宿かっぱ,3.21,東京都内,179,"￥2,000～￥2,999",2000.0,2999.0,"￥2,000～￥2,999",2000,2999,84,2,7
151,151,152,和牛焼肉 土古里 新宿NOWAビル店,3.29,東京都内,452,"￥1,000～￥1,999",1000.0,1999.0,"￥6,000～￥7,999",6000,7999,105,7,10
152,152,153,焼鳥 月や,3.57,東京都内,175,-,,,"￥15,000～￥19,999",15000,19999,392,3,12
153,153,154,神楽坂 夢二,3.46,東京都内,242,"￥2,000～￥2,999",2000.0,2999.0,"￥8,000～￥9,999",8000,9999,240,7,31
154,154,155,THE ROAST KOBE MEAT HOUSE,3.27,東京都内,89,"￥1,000～￥1,999",1000.0,1999.0,"￥4,000～￥4,999",4000,4999,85,12,20
155,155,156,韓流館,3.28,東京都内,97,～￥999,1.0,999.0,"￥3,000～￥3,999",3000,3999,136,7,9
156,156,157,旬の鮮魚と日本酒 作,3.12,東京都内,40,～￥999,1.0,999.0,"￥5,000～￥5,999",5000,5999,91,61,10
157,157,158,プティデリリウム タップ カフェ 新宿サザンテラス店,3.45,東京都内,549,"￥1,000～￥1,999",1000.0,1999.0,"￥5,000～￥5,999",5000,5999,82,2,6
158,158,159,日比谷 個室和食 栄,3.01,東京都内,9,"￥3,000～￥3,999",3000.0,3999.0,"￥6,000～￥7,999",6000,7999,92,13,3
159,159,160,北海道 炉端 えぞ羅,3.4,東京都内,166,"￥1,000～￥1,999",1000.0,1999.0,"￥6,000～￥7,999",6000,7999,96,62,35
160,160,161,炭火串焼き鳥と野菜巻きのお店 めがみや 表参道店,3.14,東京都内,35,～￥999,1.0,999.0,"￥3,000～￥3,999",3000,3999,168,58,11
161,161,162,Hola！ Ginza7,3.43,東京都内,244,"￥1,000～￥1,999",1000.0,1999.0,"￥4,000～￥4,999",4000,4999,108,2,13
162,162,163,個室居酒屋 花ぜん 東口別邸,3.03,東京都内,57,"￥3,000～￥3,999",3000.0,3999.0,"￥4,000～￥4,999",4000,4999,120,93,4
163,163,164,個室会席 北大路 銀座本店,3.25,東京都内,181,-,,,"￥10,000～￥14,999",10000,14999,199,35,24
164,164,165,FULLMOoN 新橋虎ノ門店,3.06,東京都内,54,"￥1,000～￥1,999",1000.0,1999.0,"￥4,000～￥4,999",4000,4999,203,3,11
165,165,166,西麻布　日本料理「利久。」,3.33,東京都内,74,-,,,"￥8,000～￥9,999",8000,9999,120,20,11
166,166,167,黒毛和牛A4A5 焼肉ありらん 新宿本店,3.35,東京都内,76,-,,,"￥4,000～￥4,999",4000,4999,104,35,25
167,167,168,ひとりしゃぶしゃぶ 七代目 松五郎,3.47,東京都内,322,"￥1,000～￥1,999",1000.0,1999.0,"￥4,000～￥4,999",4000,4999,118,3,94
168,168,169,和創作 空 西新宿,3.44,東京都内,380,-,,,"￥4,000～￥4,999",4000,4999,257,3,13
169,169,170,ダイナミックキッチン＆バー 響  西新宿野村ビル店,3.26,東京都内,341,"￥1,000～￥1,999",1000.0,1999.0,"￥6,000～￥7,999",6000,7999,188,1,4
170,170,171,KAZAN,3.59,東京都内,901,"￥4,000～￥4,999",4000.0,4999.0,"￥10,000～￥14,999",10000,14999,232,4,14
171,171,172,Osteria Barababao 銀座,3.49,東京都内,768,"￥2,000～￥2,999",2000.0,2999.0,"￥6,000～￥7,999",6000,7999,152,5,8
172,172,173,Bonne qúela,3.53,東京都内,182,"￥2,000～￥2,999",2000.0,2999.0,"￥8,000～￥9,999",8000,9999,324,33,26
173,173,174,海鮮料理・日本酒 漁蔵 新橋店,3.01,東京都内,6,-,,,"￥3,000～￥3,999",3000,3999,24,0,1
174,174,175,日本元気酒場 浜松町ホルモン,3.05,東京都内,56,-,,,"￥3,000～￥3,999",3000,3999,142,8,1
175,175,176,かにざんまい 新宿店,3.28,東京都内,96,"￥2,000～￥2,999",2000.0,2999.0,"￥5,000～￥5,999",5000,5999,165,7,13
176,176,177,SUNRISE 大崎店,3.01,東京都内,10,"￥1,000～￥1,999",1000.0,1999.0,"￥2,000～￥2,999",2000,2999,67,3,15
177,177,178,洞窟おでん,3.24,東京都内,80,-,,,"￥4,000～￥4,999",4000,4999,175,45,21
178,178,179,神楽坂 九頭龍蕎麦 msb Tamachi店,3.48,東京都内,212,～￥999,1.0,999.0,"￥5,000～￥5,999",5000,5999,178,12,44
179,179,180,旬魚と個室 和食りん  新橋本店,3.36,東京都内,229,-,,,"￥4,000～￥4,999",4000,4999,334,25,67
180,180,181,ラム肉酒場 ラムゴロー 神田南口店,3.44,東京都内,191,-,,,"￥3,000～￥3,999",3000,3999,149,11,22
181,181,182,やきとん八十五 新橋店,3.05,東京都内,6,-,,,"￥2,000～￥2,999",2000,2999,31,5,1
182,182,183,ザ・ロイヤルアジアンキッチンダイヤモンド 汐留店,3.12,東京都内,23,"￥1,000～￥1,999",1000.0,1999.0,"￥3,000～￥3,999",3000,3999,145,18,5
183,183,184,バル&キッチン カパイ 烏森通り店,3.16,東京都内,21,-,,,"￥2,000～￥2,999",2000,2999,61,24,6
184,184,185,ジンギスカン TORICO,3.14,東京都内,29,-,,,"￥4,000～￥4,999",4000,4999,396,17,59
185,185,186,焼き鳥 海鮮 ジビエ 居酒屋 丸ちゃん 錦糸町店,3.02,東京都内,12,"￥1,000～￥1,999",1000.0,1999.0,"￥3,000～￥3,999",3000,3999,49,18,1
186,186,187,和食居酒屋 酔蔵,3.02,東京都内,7,"￥2,000～￥2,999",2000.0,2999.0,"￥3,000～￥3,999",3000,3999,41,1,0
187,187,188,韓国料理 水刺齋 高島屋タイムズスクエア店,3.46,東京都内,355,"￥1,000～￥1,999",1000.0,1999.0,"￥2,000～￥2,999",2000,2999,205,0,3
188,188,189,寿司と炉端 すし山 新宿,3.31,東京都内,174,"￥4,000～￥4,999",4000.0,4999.0,"￥6,000～￥7,999",6000,7999,256,6,10
189,189,190,焼肉 ホルモン 牛繁 上野広小路,3.04,東京都内,45,"￥1,000～￥1,999",1000.0,1999.0,"￥3,000～￥3,999",3000,3999,122,59,5
190,190,191,焼鳥今井,3.7,東京都内,597,-,,,"￥10,000～￥14,999",10000,14999,256,17,6
191,191,192,お肉の食べ放題専門店 個室 グリル＆バル 新宿本店,3.01,東京都内,27,～￥999,1.0,999.0,"￥2,000～￥2,999",2000,2999,74,60,2
192,192,193,瓢嘻 新橋店,3.26,東京都内,215,"￥5,000～￥5,999",5000.0,5999.0,"￥10,000～￥14,999",10000,14999,366,13,37
193,193,194,焼肉牛宮城 別邸,3.55,東京都内,578,"￥4,000～￥4,999",4000.0,4999.0,"￥10,000～￥14,999",10000,14999,206,3,64
194,194,195,THE KINTAN STEAK,3.5,東京都内,704,"￥1,000～￥1,999",1000.0,1999.0,"￥8,000～￥9,999",8000,9999,202,18,12
195,195,196,のぼせもん 赤坂店,3.05,東京都内,50,～￥999,1.0,999.0,"￥4,000～￥4,999",4000,4999,161,94,18
196,196,197,ニクサカナバル Meat Meets Fish,3.27,東京都内,28,"￥1,000～￥1,999",1000.0,1999.0,"￥4,000～￥4,999",4000,4999,45,15,27
197,197,198,銀座 秋田県産比内地鶏専門店 美郷錦,3.02,東京都内,112,"￥2,000～￥2,999",2000.0,2999.0,"￥3,000～￥3,999",3000,3999,73,68,1
